{
  "project_info": {
    "project_number": "1084021739487",
    "firebase_url": "https://finals-a2b01.firebaseio.com",
    "project_id": "finals-a2b01",
    "storage_bucket": "finals-a2b01.appspot.com"
  },
  "client": [
    {
      "client_info": {
        "mobilesdk_app_id": "1:1084021739487:android:05ef3ad55b41a2aa5c7e6a",
        "android_client_info": {
          "package_name": "com.example.finaluri"
        }
      },
      "oauth_client": [
        {
          "client_id": "1084021739487-vepntpjoc0ji6vd9ighil8cok587qtgl.apps.googleusercontent.com",
          "client_type": 1,
          "android_info": {
            "package_name": "com.example.finaluri",
            "certificate_hash": "b66f67b6d3f9a8815b35ab2374501230550a2139"
          }
        },
        {
          "client_id": "1084021739487-sbs8q9opm5sq91a4c6a3m34svsjjv95o.apps.googleusercontent.com",
          "client_type": 3
        }
      ],
      "api_key": [
        {
          "current_key": "AIzaSyAeTQPG7ZPk12mVP4TcX3ZK3PayezoD--g"
        }
      ],
      "services": {
        "appinvite_service": {
          "other_platform_oauth_client": [
            {
              "client_id": "1084021739487-sbs8q9opm5sq91a4c6a3m34svsjjv95o.apps.googleusercontent.com",
              "client_type": 3
            }
          ]
        }
      }
    }
  ],
  "configuration_version": "1"
}